Match Date,Team 1,Team 2,Player,Role,Predicted Fantasy Points,Optimized Points,Captain,Vice Captain
2021-11-26,Hong Kong,Bhutan,KY Chan,AR,50.75,101.5,Yes,No
2021-11-26,Hong Kong,Bhutan,KD Shah,AR,46.28,69.42,No,Yes
2021-11-26,Hong Kong,Bhutan,Haroon Arshad,AR,38.46,38.46,No,No
2021-11-26,Hong Kong,Bhutan,Irfan Ahmed,AR,39.34,39.34,No,No
2021-11-26,Hong Kong,Bhutan,T Zangmo,AR,32.55,32.55,No,No
2021-11-26,Hong Kong,Bhutan,S Paldon,BAT,22.08,22.08,No,No
2021-11-26,Hong Kong,Bhutan,A Gurung,BOWL,29.24,29.24,No,No
2021-11-26,Hong Kong,Bhutan,Aizaz Khan,BOWL,40.98,40.98,No,No
2021-11-26,Hong Kong,Bhutan,K Samten,BOWL,30.75,30.75,No,No
2021-11-26,Hong Kong,Bhutan,Tanwir Afzal,BOWL,38.26,38.26,No,No
2021-11-26,Hong Kong,Bhutan,SS McKechnie,WK,22.39,22.39,No,No
