feature,gain_importance,split_importance
balls_bowled_ewma_short,21117.661991119385,71
fantasy_points_career_mean,8796.67494058609,72
fantasy_points_ewma_long,8014.462513446808,56
fantasy_points_ewma_medium,2768.778486728668,40
fantasy_points_last_20,2087.4094223976135,50
balls_bowled_last_3,1837.0655102729797,43
balls_bowled_last_1,1514.8084979057312,28
balls_bowled_ewma_medium,1460.1785440444946,22
econ_last_1,877.1332445144653,62
fours_career_sum,662.0862655639648,30
balls_last_5,660.176317691803,54
fantasy_points_std_career,625.394570350647,67
bat_pts_last_20,620.4798884391785,27
fantasy_points_ewma_short,619.2527503967285,39
sixes_career_sum,611.6099600791931,35
balls_career_sum,610.7854604721069,35
fantasy_points_last_1,602.5376396179199,51
sr_last_3,567.5373196601868,51
bat_pts_career_sum,562.5086884498596,37
sr_last_1,549.8733282089233,48
fours_ewma_short,527.2156171798706,44
fantasy_points_std_last_10,521.476149559021,54
fantasy_points_last_3,519.4015583992004,49
fantasy_points_career_sum,515.6582679748535,31
field_pts_career_sum,515.5119504928589,34
sr_career_mean,503.56782960891724,39
fantasy_points_momentum,478.48347759246826,46
balls_bowled_ewma_long,454.0187306404114,25
balls_last_3,444.962664604187,44
runs_conceded_last_1,431.94285130500793,40
sr_ewma_long,403.88911867141724,28
catches_ewma_medium,403.5642600059509,31
field_pts_ewma_short,403.3891496658325,33
sr_ewma_medium,401.81558418273926,27
balls_ewma_medium,399.08808279037476,29
balls_last_10,398.544638633728,28
balls_ewma_long,397.70248794555664,25
econ_ewma_short,391.91130781173706,30
fantasy_points_last_5,391.4024500846863,32
runs_ewma_long,390.34451389312744,14
sr_career_sum,387.5930314064026,25
runs_career_sum,383.5295786857605,20
sr_last_5,379.6704697608948,36
bowl_pts_last_1,366.57203817367554,24
bat_pts_last_3,366.0901699066162,36
bat_pts_career_mean,358.295618057251,15
fantasy_recent_vs_career_delta,354.71043252944946,35
balls_bowled_career_sum,354.35289001464844,23
sixes_ewma_short,352.3258204460144,30
sr_last_10,348.1594605445862,31
sixes_ewma_long,314.9752893447876,28
runs_last_5,308.5616192817688,22
fours_ewma_medium,306.4860782623291,24
runs_last_10,303.637939453125,21
catches_career_mean,303.01612281799316,26
bat_pts_last_10,301.61172103881836,21
catches_career_sum,295.5267095565796,24
runs_conceded_career_sum,290.44468092918396,27
field_pts_career_mean,289.3981604576111,26
sr_ewma_short,285.0630211830139,26
balls_last_20,284.6956419944763,29
catches_ewma_short,284.12159156799316,27
fours_career_mean,279.12515115737915,22
balls_career_mean,275.2234892845154,25
field_pts_ewma_long,272.94206953048706,22
runs_last_3,267.66472005844116,24
bowl_pts_career_sum,263.45280027389526,16
balls_last_1,261.58335876464844,25
catches_ewma_long,251.1211609840393,22
runs_last_20,246.04006099700928,17
sr_last_20,245.2307505607605,23
balls_ewma_short,244.7659502029419,25
econ_career_sum,242.84073162078857,21
runs_conceded_ewma_short,241.6063027381897,19
bat_pts_ewma_short,241.495099067688,19
field_pts_ewma_medium,235.91055917739868,19
balls_bowled_last_5,233.82333755493164,16
fantasy_points_last_10,225.5739507675171,18
sixes_last_20,222.95806074142456,22
fours_last_20,221.1493501663208,18
econ_last_3,220.05267143249512,21
bowl_pts_last_3,218.0204300880432,17
bowl_pts_last_5,210.8050980567932,19
balls_bowled_last_20,208.36688709259033,17
econ_last_20,205.1992712020874,17
runs_conceded_ewma_medium,204.51576852798462,18
runs_career_mean,201.30021858215332,16
catches_last_20,199.49977016448975,17
runs_conceded_last_3,196.42037868499756,15
bowl_pts_ewma_short,195.39631938934326,18
runouts_ewma_medium,194.75276947021484,20
fours_ewma_long,184.81871128082275,14
bat_pts_ewma_medium,182.65534114837646,11
field_pts_last_20,175.99991989135742,13
econ_last_10,174.26235008239746,17
runs_conceded_last_20,172.29519939422607,17
runs_conceded_last_5,172.03137159347534,14
bowl_pts_last_10,171.98981952667236,15
runouts_ewma_long,165.10827159881592,18
runs_ewma_short,163.82764148712158,14
econ_last_5,162.38558197021484,14
econ_ewma_medium,159.22098016738892,14
econ_career_mean,154.2511911392212,15
bowl_pts_career_mean,152.33714866638184,12
sixes_career_mean,142.58578872680664,14
econ_ewma_long,138.20897960662842,13
stumpings_career_sum,137.8504524230957,9
balls_bowled_last_10,137.75302124023438,12
runs_conceded_last_10,136.3044295310974,12
sixes_ewma_medium,134.4209599494934,13
wickets_ewma_medium,134.16472911834717,14
bat_pts_last_1,131.78703093528748,14
fours_last_1,128.72081995010376,12
runouts_ewma_short,126.61861085891724,13
field_pts_last_10,125.27164936065674,12
wickets_last_10,122.14477014541626,12
matches_played_before,122.07538843154907,10
bat_pts_ewma_long,119.90891933441162,11
field_pts_last_5,119.48759937286377,12
runouts_career_mean,118.50735998153687,10
sixes_last_10,113.16543006896973,13
catches_last_10,108.67303800582886,10
bowl_pts_last_20,105.59995889663696,10
balls_bowled_career_mean,101.18060970306396,10
wickets_ewma_short,100.02431964874268,9
fours_last_5,96.09314012527466,10
fours_last_10,94.14193153381348,9
wickets_ewma_long,92.65153121948242,9
runs_conceded_ewma_long,92.0009298324585,9
runs_conceded_career_mean,87.60651111602783,8
bat_pts_last_5,86.49004030227661,8
runs_last_1,85.40723991394043,9
runs_ewma_medium,83.52978038787842,8
bowl_pts_ewma_medium,81.84513092041016,7
fours_last_3,79.81297969818115,7
catches_last_5,78.67537021636963,7
runouts_last_20,74.7481894493103,8
wickets_career_sum,74.37510108947754,6
wickets_career_mean,70.41319036483765,7
batting_opportunity_rate,66.03334045410156,5
catches_last_1,52.57926940917969,6
bowl_pts_ewma_long,49.4558801651001,4
wickets_last_20,48.24933958053589,6
stumpings_last_5,45.31169033050537,5
bowling_opportunity_rate,43.74280071258545,4
stumpings_career_mean,37.54674053192139,4
catches_last_3,33.572999477386475,3
field_pts_last_1,30.870359420776367,4
sixes_last_1,28.38025951385498,3
wickets_last_5,28.13659954071045,3
runouts_last_5,24.37440013885498,2
wickets_last_1,22.10276985168457,2
stumpings_last_20,21.737950325012207,2
stumpings_ewma_long,21.505059719085693,2
field_pts_last_3,20.370100021362305,2
stumpings_ewma_short,20.318140506744385,3
runouts_last_10,20.23861026763916,2
role,16.805620193481445,2
runouts_last_3,11.112099647521973,1
wickets_last_3,9.758919715881348,1
sixes_last_3,7.8580098152160645,1
stumpings_last_10,7.392000198364258,1
sixes_last_5,7.316319942474365,1
matches_played_last_10,6.199069976806641,1
stumpings_last_1,0.0,0
has_history,0.0,0
role_source,0.0,0
role_confidence,0.0,0
matches_played_last_20,0.0,0
matches_played_last_3,0.0,0
runouts_last_1,0.0,0
matches_played_last_1,0.0,0
runouts_career_sum,0.0,0
matches_played_last_5,0.0,0
stumpings_last_3,0.0,0
stumpings_ewma_medium,0.0,0
format,0.0,0
